Name,Age,Job
qwerty,20,qwerty
qwerty,34,qwerty
qwerty,36,qwerty
qwerty,31,qwerty
qwerty,26,qwerty
qwerty,27,qwerty
qwerty,29,qwerty
qwerty,27,qwerty
qwerty,35,qwerty
qwerty,40,qwerty
qwerty,26,qwerty
qwerty,34,qwerty
qwerty,28,qwerty
qwerty,24,qwerty
qwerty,30,qwerty
qwerty,22,qwerty
qwerty,38,qwerty
qwerty,25,qwerty
qwerty,31,qwerty
qwerty,20,qwerty
qwerty,29,qwerty
qwerty,27,qwerty
qwerty,31,qwerty
qwerty,32,qwerty
qwerty,29,qwerty
qwerty,20,qwerty
qwerty,39,qwerty
qwerty,40,qwerty
qwerty,19,qwerty
qwerty,35,qwerty
qwerty,32,qwerty
qwerty,23,qwerty
qwerty,40,qwerty
qwerty,31,qwerty
qwerty,30,qwerty
qwerty,40,qwerty
qwerty,38,qwerty
qwerty,26,qwerty
qwerty,28,qwerty
qwerty,25,qwerty
qwerty,26,qwerty
qwerty,23,qwerty
qwerty,40,qwerty
qwerty,34,qwerty
qwerty,37,qwerty
qwerty,25,qwerty
qwerty,19,qwerty
qwerty,18,qwerty
qwerty,39,qwerty
qwerty,21,qwerty
qwerty,33,qwerty
qwerty,35,qwerty
qwerty,35,qwerty
qwerty,28,qwerty
qwerty,27,qwerty
qwerty,39,qwerty
qwerty,19,qwerty
qwerty,32,qwerty
qwerty,19,qwerty
qwerty,26,qwerty
qwerty,21,qwerty
qwerty,24,qwerty
qwerty,28,qwerty
qwerty,39,qwerty
qwerty,34,qwerty
qwerty,37,qwerty
qwerty,25,qwerty
qwerty,30,qwerty
qwerty,31,qwerty
qwerty,35,qwerty
qwerty,36,qwerty
qwerty,23,qwerty
qwerty,30,qwerty
qwerty,39,qwerty
qwerty,35,qwerty
qwerty,27,qwerty
qwerty,18,qwerty
qwerty,21,qwerty
qwerty,29,qwerty
qwerty,19,qwerty
qwerty,20,qwerty
qwerty,35,qwerty
qwerty,39,qwerty
qwerty,34,qwerty
qwerty,20,qwerty
qwerty,39,qwerty
qwerty,34,qwerty
qwerty,40,qwerty
qwerty,39,qwerty
qwerty,25,qwerty
qwerty,38,qwerty
qwerty,22,qwerty
qwerty,22,qwerty
qwerty,24,qwerty
qwerty,27,qwerty
qwerty,40,qwerty
qwerty,40,qwerty
qwerty,22,qwerty
qwerty,25,qwerty
qwerty,34,qwerty
